Name,Discount,Price,Rating,Release,Ends,Started
Machinika: Museum,-100%,"R$ 0,00",87.26%,Mar 2021,27 May 2024,13 May 2024
ENDLESS‚Ñ¢ Legend,-100%,"R$ 0,00",82.31%,Sep 2014,23 May 2024,16 May 2024
100% Orange Juice,-100%,"R$ 0,00",90.51%,Sep 2013,22 May 2024,16 May 2024
Killing Floor 2,-95%,"R$ 2,79",86.69%,Nov 2016,23 May 2024,16 May 2024
Wizard with a Gun,-50%,"R$ 29,99",78.27%,Oct 2023,23 May 2024,13 May 2024
Lil Gator Game,-50%,"R$ 29,99",94.98%,Dec 2022,31 May 2024,17 May 2024
Killing Floor,-90%,"R$ 3,49",93.38%,May 2009,23 May 2024,16 May 2024
The Forgotten City,-65%,"R$ 25,89",93.24%,Jul 2021,27 May 2024,13 May 2024
Poly Bridge 2,-80%,"R$ 5,79",92.26%,May 2020,20 May 2024,13 May 2024
Poly Bridge 3,-68%,"R$ 35,07",90.54%,May 2023,20 May 2024,13 May 2024
UNSIGHTED,-60%,"R$ 19,99",88.83%,Sep 2021,20 May 2024,13 May 2024
The Wild at Heart,-60%,"R$ 18,99",88.75%,May 2021,20 May 2024,13 May 2024
Broken Reality,-85%,"R$ 4,34",88.70%,Nov 2018,23 May 2024,16 May 2024
Paper Beast,-75%,"R$ 11,49",88.00%,Jul 2020,27 May 2024,13 May 2024
Blade of Darkness,-60%,"R$ 11,59",87.99%,Oct 2021,29 May 2024,15 May 2024
Root,-60%,"R$ 11,59",86.04%,Sep 2020,20 May 2024,6 May 2024
Archvale,-50%,"R$ 22,49",85.35%,Dec 2021,20 May 2024,13 May 2024
The Dungeon Of Naheulbeuk: The Amulet Of Chaos,-70%,"R$ 21,89",85.01%,Sep 2020,27 May 2024,13 May 2024
Foretales,-50%,"R$ 22,99",82.22%,Sep 2022,27 May 2024,13 May 2024
Trombone Champ,-60%,"R$ 11,59",94.86%,Sep 2022,21 May 2024,14 May 2024
Dying Light,-85%,"R$ 7,65",94.24%,Jan 2015,19 May 2024,9 May 2024
Alba: A Wildlife Adventure,-75%,"R$ 13,12",94.21%,Dec 2020,27 May 2024,13 May 2024
Carto,-70%,"R$ 11,39",93.54%,Oct 2020,20 May 2024,13 May 2024
Unpacking,-50%,"R$ 29,99",90.91%,Nov 2021,20 May 2024,13 May 2024
One Step From Eden,-60%,"R$ 15,19",90.59%,Mar 2020,20 May 2024,13 May 2024
OTXO,-50%,"R$ 14,49",89.75%,Apr 2023,20 May 2024,13 May 2024
Poly Bridge,-90%,"R$ 2,06",89.25%,Jul 2016,20 May 2024,13 May 2024
Return to Monkey Island,-50%,"R$ 36,99",89.23%,Sep 2022,23 May 2024,9 May 2024
Wizard of Legend,-70%,"R$ 9,29",88.93%,May 2018,20 May 2024,13 May 2024
Minecraft Dungeons,-50%,"R$ 37,47",88.82%,Sep 2021,29 May 2024,15 May 2024
Forager,-65%,"R$ 13,29",88.52%,Apr 2019,20 May 2024,13 May 2024
Re: LieF ~ Shin'ainaru Anata e~,-58%,"R$ 27,71",88.43%,Feb 2021,26 May 2024,18 May 2024
Ring of Pain,-70%,"R$ 11,39",88.35%,Oct 2020,20 May 2024,13 May 2024
Assassin's Creed¬Æ Odyssey,-85%,"R$ 26,99",88.16%,Oct 2018,26 May 2024,15 May 2024
Anarcute,-80%,"R$ 7,19",86.56%,Jul 2016,27 May 2024,13 May 2024
Old School Musical,-75%,"R$ 7,99",86.19%,Sep 2018,27 May 2024,13 May 2024
Ikenfell,-70%,"R$ 11,39",86.14%,Oct 2020,20 May 2024,13 May 2024
The House of Da Vinci 3,-50%,"R$ 29,99",86.03%,Dec 2022,,18 May 2024
Hell Pie,-66%,"R$ 25,15",85.93%,Jul 2022,21 May 2024,15 May 2024
Another Lost Phone: Laura's Story,-72%,"R$ 2,23",85.83%,Sep 2017,27 May 2024,13 May 2024
Drug Dealer Simulator,-87%,"R$ 4,93",85.65%,Apr 2020,20 May 2024,13 May 2024
A Normal Lost Phone,-72%,"R$ 2,23",85.31%,Jan 2017,27 May 2024,13 May 2024
The Crackpet Show,-75%,"R$ 11,75",84.00%,Dec 2022,20 May 2024,13 May 2024
Dungeon Village,-63%,"R$ 6,87",82.83%,Mar 2022,25 May 2024,11 May 2024
Vampires' Melody 2,-50%,"R$ 6,89",82.45%,Sep 2023,24 May 2024,10 May 2024
Cyberpunk 2077,-50%,"R$ 99,95",81.50%,Dec 2020,26 May 2024,16 May 2024
A Hat in Time,-50%,"R$ 44,49",96.07%,Oct 2017,20 May 2024,13 May 2024
Inscryption,-50%,"R$ 24,99",95.56%,Oct 2021,23 May 2024,9 May 2024
American Truck Simulator,-75%,"R$ 15,49",95.51%,Feb 2016,30 May 2024,16 May 2024
One Finger Death Punch,-78%,"R$ 1,86",95.38%,Mar 2014,20 May 2024,13 May 2024
Don't Starve,-75%,"R$ 5,17",95.30%,Apr 2013,20 May 2024,13 May 2024
Risk of Rain 2,-50%,"R$ 29,99",95.23%,Aug 2020,20 May 2024,13 May 2024
Sid Meier's Civilization¬Æ V,-75%,"R$ 11,24",94.98%,Sep 2010,27 May 2024,13 May 2024
LIZARDS MUST DIE,-50%,"R$ 3,49",94.87%,Sep 2023,19 May 2024,5 May 2024
Vampires' Melody,-80%,"R$ 2,75",94.11%,Oct 2020,24 May 2024,10 May 2024
Ultimate Chicken Horse,-65%,"R$ 15,74",93.94%,Mar 2016,20 May 2024,13 May 2024
Valheim,-50%,"R$ 18,99",93.82%,Feb 2021,28 May 2024,14 May 2024
My Friend Pedro,-75%,"R$ 14,99",93.64%,Jun 2019,23 May 2024,16 May 2024
ÊúàÂΩ±È≠ÖÂÉè-Ëß£Êîæ‰πãÁæΩ-,-65%,"R$ 23,09",93.52%,Jul 2019,26 May 2024,18 May 2024
Monster Prom 2: Monster Camp,-66%,"R$ 8,46",93.40%,Oct 2020,23 May 2024,9 May 2024
One Finger Death Punch 2,-75%,"R$ 4,14",92.69%,Apr 2019,20 May 2024,13 May 2024
Marvel's Guardians of the Galaxy,-75%,"R$ 62,49",92.53%,Oct 2021,20 May 2024,10 May 2024
ISLANDERS,-65%,"R$ 5,94",92.38%,Apr 2019,26 May 2024,12 May 2024
Cities: Skylines,-70%,"R$ 32,39",92.25%,Mar 2015,23 May 2024,9 May 2024
Epistory - Typing Chronicles,-70%,"R$ 12,89",91.67%,Mar 2016,27 May 2024,13 May 2024
Risk of Rain (2013),-80%,"R$ 3,99",91.51%,Nov 2013,20 May 2024,13 May 2024
Death's Door,-75%,"R$ 14,99",91.17%,Jul 2021,23 May 2024,16 May 2024
Torchlight II,-80%,"R$ 6,99",91.16%,Sep 2012,27 May 2024,13 May 2024
Project Wingman,-50%,"R$ 23,74",91.15%,Dec 2020,20 May 2024,13 May 2024
Thomas Was Alone,-80%,"R$ 3,39",91.00%,Nov 2012,20 May 2024,13 May 2024
The Messenger,-80%,"R$ 11,99",90.97%,Aug 2018,23 May 2024,16 May 2024
Dead Estate,-50%,"R$ 8,99",90.97%,Oct 2021,20 May 2024,13 May 2024
McPixel 3,-80%,"R$ 6,59",90.96%,Nov 2022,23 May 2024,16 May 2024
Spelunky 2,-50%,"R$ 18,99",90.81%,Sep 2020,20 May 2024,13 May 2024
Death Road to Canada,-75%,"R$ 6,99",90.31%,Jul 2016,20 May 2024,13 May 2024
Crusader Kings III,-60%,"R$ 71,99",90.22%,Sep 2020,23 May 2024,9 May 2024
Victoria II,-75%,"R$ 17,99",90.19%,Aug 2010,23 May 2024,9 May 2024
Hearts of Iron IV,-70%,"R$ 53,99",90.14%,Jun 2016,23 May 2024,9 May 2024
Evil Genius,-90%,"R$ 1,99",89.90%,Sep 2004,20 May 2024,7 May 2024
ŒîV: Rings of Saturn,-50%,"R$ 10,34",89.40%,Jul 2023,20 May 2024,13 May 2024
Choice of Life: Middle Ages 2,-50%,"R$ 11,75",89.37%,Sep 2022,20 May 2024,6 May 2024
Sid Meier's Civilization¬Æ IV,-85%,"R$ 4,49",89.14%,Oct 2005,27 May 2024,13 May 2024
A Plague Tale: Requiem,-60%,"R$ 71,96",89.14%,Oct 2022,19 May 2024,9 May 2024
"Invisible, Inc.",-75%,"R$ 9,24",88.55%,May 2015,20 May 2024,13 May 2024
Slipways,-50%,"R$ 16,49",88.46%,Jun 2021,20 May 2024,13 May 2024
Knights of Honor,-75%,"R$ 8,99",88.39%,May 2005,23 May 2024,9 May 2024
Torchlight,-80%,"R$ 4,99",88.27%,Oct 2009,27 May 2024,13 May 2024
Lacuna ‚Äì A Sci-Fi Noir Adventure,-80%,"R$ 6,19",88.19%,May 2021,21 May 2024,8 May 2024
Prison Architect,-80%,"R$ 21,59",88.19%,Oct 2015,23 May 2024,9 May 2024
Monaco: What's Yours Is Mine,-75%,"R$ 6,99",87.95%,Apr 2013,20 May 2024,13 May 2024
Curious Expedition,-80%,"R$ 5,59",87.78%,Sep 2016,20 May 2024,13 May 2024
Jupiter Hell,-60%,"R$ 18,99",87.62%,Aug 2021,20 May 2024,13 May 2024
Marble It Up! Ultra,-60%,"R$ 35,59",87.56%,Nov 2018,31 May 2024,17 May 2024
Card Shark,-50%,"R$ 29,99",87.56%,Jun 2022,23 May 2024,9 May 2024
Element TD 2 - Tower Defense,-50%,"R$ 20,00",87.53%,Apr 2021,19 May 2024,12 May 2024
The Witcher: Enhanced Edition Director's Cut,-85%,"R$ 2,54",87.52%,Sep 2008,26 May 2024,16 May 2024
Splasher,-77%,"R$ 8,27",87.52%,Feb 2017,27 May 2024,13 May 2024
Rollerdrome,-67%,"R$ 52,76",87.39%,Aug 2022,20 May 2024,6 May 2024
Life is Strange: True Colors,-70%,"R$ 89,97",87.31%,Sep 2021,21 May 2024,8 May 2024
Blue Estate The Game,-65%,"R$ 9,09",87.27%,Apr 2015,27 May 2024,13 May 2024
Shadowrun: Dragonfall - Director's Cut,-75%,"R$ 13,49",86.83%,Sep 2014,23 May 2024,9 May 2024
Majesty Gold HD,-75%,"R$ 8,99",86.83%,Mar 2001,23 May 2024,9 May 2024
DJMAX RESPECT V,-80%,"R$ 19,79",86.81%,Mar 2020,20 May 2024,13 May 2024
Thronebreaker: The Witcher Tales,-75%,"R$ 13,99",86.65%,Nov 2018,26 May 2024,16 May 2024
Battlezone 98 Redux,-85%,"R$ 6,89",86.38%,Apr 2016,20 May 2024,7 May 2024
Shadowrun Returns,-75%,"R$ 13,49",86.29%,Jul 2013,23 May 2024,9 May 2024
Duskers,-50%,"R$ 18,49",86.27%,May 2016,20 May 2024,13 May 2024
The Medium,-60%,"R$ 63,96",86.20%,‚Äî,19 May 2024,7 May 2024
Europa Universalis IV,-70%,"R$ 43,19",86.05%,Aug 2013,23 May 2024,9 May 2024
House of the Dying Sun,-70%,"R$ 11,09",85.88%,Nov 2016,20 May 2024,13 May 2024
Curious Expedition 2,-65%,"R$ 13,29",85.88%,Jan 2021,20 May 2024,13 May 2024
TrymenT ‚ÄïÁåÆÁªôÊ∏¥ÊúõÊîπÂèòÁöÑ‰Ω†‚Äï AlphAÁØá,-67%,"R$ 29,03",85.87%,Feb 2020,26 May 2024,18 May 2024
Darkest Hour: A Hearts of Iron Game,-80%,"R$ 7,19",85.68%,Apr 2011,23 May 2024,9 May 2024
Hob,-80%,"R$ 7,39",85.65%,Sep 2017,27 May 2024,13 May 2024
Expeditions: Rome,-60%,"R$ 33,99",85.59%,Jan 2022,20 May 2024,13 May 2024
Astronarch,-70%,"R$ 8,69",85.58%,Jan 2021,20 May 2024,13 May 2024
Magicka,-75%,"R$ 8,99",85.52%,Jan 2011,23 May 2024,9 May 2024
Lost Castle / Â§±ËêΩÂüéÂ†°,-60%,"R$ 7,99",85.43%,Sep 2016,20 May 2024,13 May 2024
Assassin's Creed¬Æ Origins,-85%,"R$ 26,99",85.30%,Oct 2017,26 May 2024,15 May 2024
Fury Unleashed,-85%,"R$ 8,99",85.14%,May 2020,20 May 2024,13 May 2024
JoJo's Bizarre Adventure: All-Star Battle R,-70%,"R$ 60,75",85.07%,Sep 2022,20 May 2024,13 May 2024
Tyranny,-75%,"R$ 26,99",84.71%,Nov 2016,23 May 2024,9 May 2024
Tick Tock: A Tale for Two,-60%,"R$ 7,60",84.27%,Mar 2019,24 May 2024,17 May 2024
ScourgeBringer,-75%,"R$ 9,99",84.22%,Oct 2020,27 May 2024,13 May 2024
Knights of Pen and Paper 2,-75%,"R$ 7,24",83.80%,Oct 2015,23 May 2024,9 May 2024
Shadowrun: Hong Kong - Extended Edition,-75%,"R$ 17,99",83.78%,Aug 2015,23 May 2024,9 May 2024
Age of Wonders Shadow Magic,-75%,"R$ 8,99",83.23%,‚Äî,23 May 2024,9 May 2024
Void Bastards,-70%,"R$ 17,39",83.23%,May 2019,20 May 2024,13 May 2024
Surviving Mars,-75%,"R$ 26,99",83.15%,Mar 2018,23 May 2024,9 May 2024
Crying Suns,-70%,"R$ 14,24",83.14%,Sep 2019,20 May 2024,13 May 2024
Sword of the Stars: Complete Collection,-75%,"R$ 8,99",82.84%,Oct 2008,23 May 2024,9 May 2024
Warlock - Master of the Arcane,-75%,"R$ 22,49",82.81%,May 2012,23 May 2024,9 May 2024
Academia : School Simulator,-50%,"R$ 35,99",82.23%,Sep 2017,23 May 2024,9 May 2024
BATTLETECH,-75%,"R$ 35,99",81.94%,Apr 2018,23 May 2024,9 May 2024
Ice Lakes,-75%,"R$ 13,49",81.80%,Apr 2016,23 May 2024,9 May 2024
Teleglitch: Die More Edition,-75%,"R$ 11,74",81.79%,Jul 2013,23 May 2024,9 May 2024
Watch_Dogs¬Æ 2,-85%,"R$ 22,49",81.65%,Nov 2016,20 May 2024,13 May 2024
Hearts of Iron 2 Complete,-75%,"R$ 13,49",81.41%,Jan 2006,23 May 2024,9 May 2024
Fae Tactics,-70%,"R$ 11,39",81.34%,Jul 2020,20 May 2024,13 May 2024
King Arthur: Knight's Tale,-60%,"R$ 48,79",81.33%,Apr 2022,23 May 2024,9 May 2024
Temtem,-60%,"R$ 53,99",80.77%,Sep 2022,20 May 2024,13 May 2024
Mechanic Escape,-80%,"R$ 2,49",80.73%,Apr 2014,27 May 2024,13 May 2024
Magicka 2,-75%,"R$ 13,49",80.65%,May 2015,23 May 2024,9 May 2024
Across the Obelisk,-50%,"R$ 35,99",80.61%,Apr 2021,23 May 2024,9 May 2024
Zombie Party,-80%,"R$ 4,13",80.37%,Jun 2016,27 May 2024,13 May 2024
Europa Universalis III Complete,-70%,"R$ 16,19",80.23%,Jan 2007,23 May 2024,9 May 2024
Knights of Pen and Paper +1 Edition,-75%,"R$ 8,99",79.98%,Jun 2013,23 May 2024,9 May 2024
Revita,-50%,"R$ 19,99",79.66%,‚Äî,27 May 2024,13 May 2024
Flynn: Son of Crimson,-60%,"R$ 23,99",79.64%,Sep 2021,20 May 2024,13 May 2024
Wildfire,-60%,"R$ 11,59",78.70%,May 2020,20 May 2024,13 May 2024
Age of Wonders III,-75%,"R$ 26,99",78.63%,Mar 2014,23 May 2024,9 May 2024
Age of Wonders: Planetfall,-66%,"R$ 36,71",78.05%,Aug 2019,23 May 2024,9 May 2024
Finding Teddy,-80%,"R$ 2,79",77.73%,Dec 2013,27 May 2024,13 May 2024
Staxel,-75%,"R$ 9,24",77.24%,Apr 2019,20 May 2024,13 May 2024
Hotel Renovator,-50%,"R$ 44,95",76.23%,Mar 2023,24 May 2024,17 May 2024
Hellslave,-75%,"R$ 11,49",75.97%,May 2022,27 May 2024,13 May 2024
Aegis Defenders,-75%,"R$ 9,24",75.59%,Feb 2018,20 May 2024,13 May 2024
Watch_Dogs‚Ñ¢,-85%,"R$ 14,24",75.44%,May 2014,20 May 2024,13 May 2024
Hearts of Iron III,-75%,"R$ 8,99",75.10%,Aug 2009,23 May 2024,9 May 2024
Nanotale - Typing Chronicles,-60%,"R$ 18,39",74.95%,Mar 2021,27 May 2024,13 May 2024
Age of Wonders,-75%,"R$ 5,49",74.90%,‚Äî,23 May 2024,9 May 2024
Cities in Motion,-50%,"R$ 35,99",73.51%,Feb 2011,23 May 2024,9 May 2024
Vampire: The Masquerade - Shadows of New York,-80%,"R$ 5,37",73.30%,Sep 2020,27 May 2024,13 May 2024
Indies' Lies,-50%,"R$ 23,49",72.95%,Jan 2023,19 May 2024,5 May 2024
Popup Dungeon,-60%,"R$ 18,99",72.88%,Aug 2020,20 May 2024,13 May 2024
Steel Division: Normandy 44,-66%,"R$ 24,47",72.77%,May 2017,23 May 2024,9 May 2024
NeuroVoider,-75%,"R$ 8,49",72.57%,Aug 2016,27 May 2024,13 May 2024
Internet Cafe Simulator 2,-60%,"R$ 23,99",72.25%,Jan 2022,26 May 2024,12 May 2024
DRIFT CE,-50%,"R$ 49,50",71.15%,Jun 2021,20 May 2024,13 May 2024
Vampire: The Masquerade - Coteries of New York,-90%,"R$ 3,79",70.77%,Dec 2019,27 May 2024,13 May 2024
Surviving the Aftermath,-70%,"R$ 32,39",69.36%,Nov 2021,23 May 2024,9 May 2024
Wurm Unlimited,-75%,"R$ 27,49",69.35%,Oct 2015,27 May 2024,13 May 2024
Belladonna,-75%,"R$ 3,62",69.16%,Feb 2015,27 May 2024,13 May 2024
Majesty 2,-75%,"R$ 8,99",67.49%,Sep 2009,23 May 2024,9 May 2024
Warlock 2: The Exiled,-75%,"R$ 17,99",67.18%,Apr 2014,23 May 2024,9 May 2024
King Arthur - The Role-playing Wargame,-75%,"R$ 8,99",66.84%,Nov 2009,23 May 2024,9 May 2024
Souldiers,-65%,"R$ 16,09",65.53%,Jun 2022,27 May 2024,13 May 2024
WRC 5 FIA World Rally Championship,-90%,"R$ 2,06",65.39%,Oct 2015,27 May 2024,13 May 2024
Victoria 3,-76%,"R$ 43,19",65.09%,Oct 2022,23 May 2024,9 May 2024
NECROPOLIS: BRUTAL EDITION,-75%,"R$ 26,99",63.76%,‚Äî,23 May 2024,9 May 2024
A Game of Dwarves,-75%,"R$ 8,99",61.63%,Oct 2012,23 May 2024,9 May 2024
Euro Truck Simulator 2,-75%,"R$ 15,49",96.62%,Oct 2012,30 May 2024,16 May 2024
Slay the Spire,-66%,"R$ 25,49",96.55%,Jan 2019,29 May 2024,15 May 2024
Bloons TD 6,-65%,"R$ 9,76",96.31%,Dec 2018,24 May 2024,17 May 2024
Dead Cells,-50%,"R$ 23,74",95.88%,Aug 2018,20 May 2024,13 May 2024
Hotline Miami,-80%,"R$ 6,59",95.77%,Oct 2012,23 May 2024,16 May 2024
The Wolf Among Us,-50%,"R$ 25,00",95.71%,Oct 2013,20 May 2024,13 May 2024
The Witcher¬Æ 3: Wild Hunt,-75%,"R$ 32,49",95.33%,May 2015,26 May 2024,16 May 2024
Oxygen Not Included,-66%,"R$ 15,63",95.32%,Jul 2019,20 May 2024,13 May 2024
Broforce,-80%,"R$ 9,39",95.27%,Oct 2015,23 May 2024,16 May 2024
Keep Talking and Nobody Explodes,-60%,"R$ 18,79",95.10%,Oct 2015,21 May 2024,9 May 2024
Stronghold Crusader HD,-70%,"R$ 5,09",95.07%,Jul 2002,23 May 2024,16 May 2024
Tales of the Black Forest,-70%,"R$ 4,13",95.06%,Sep 2019,24 May 2024,10 May 2024
Tomb Raider,-80%,"R$ 12,49",95.02%,Mar 2013,20 May 2024,10 May 2024
GRIS,-80%,"R$ 9,39",94.94%,Dec 2018,23 May 2024,9 May 2024
Milk inside a bag of milk inside a bag of milk,-50%,"R$ 1,74",94.75%,Aug 2020,20 May 2024,13 May 2024
Mirror,-60%,"R$ 2,79",94.56%,Apr 2018,24 May 2024,10 May 2024
Enter the Gungeon,-70%,"R$ 14,09",94.24%,Apr 2016,23 May 2024,13 May 2024
Supreme Commander: Forged Alliance,-80%,"R$ 6,79",94.11%,Sep 2011,21 May 2024,8 May 2024
FTL: Faster Than Light,-75%,"R$ 5,99",94.03%,Sep 2012,20 May 2024,13 May 2024
Fox Hime Zero,-70%,"R$ 2,09",93.84%,May 2018,24 May 2024,10 May 2024
Streets of Rogue,-75%,"R$ 14,99",93.81%,Jul 2019,27 May 2024,13 May 2024
Crypt of the NecroDancer,-80%,"R$ 9,39",93.72%,Apr 2015,20 May 2024,13 May 2024
FlatOut 2‚Ñ¢,-80%,"R$ 13,99",93.70%,Aug 2006,23 May 2024,9 May 2024
shapez,-78%,"R$ 10,83",93.67%,Jun 2020,27 May 2024,13 May 2024
Downwell,-67%,"R$ 3,46",93.66%,Oct 2015,23 May 2024,13 May 2024
Metal: Hellsinger,-60%,"R$ 31,63",93.63%,Sep 2022,20 May 2024,13 May 2024
Paint the Town Red,-50%,"R$ 29,99",93.63%,Jul 2021,20 May 2024,13 May 2024
Superflight,-50%,"R$ 5,24",93.59%,Nov 2017,20 May 2024,13 May 2024
The Talos Principle,-85%,"R$ 13,34",93.47%,Dec 2014,30 May 2024,16 May 2024
TY the Tasmanian Tiger,-50%,"R$ 13,99",93.47%,Dec 2016,20 May 2024,13 May 2024
Bit Blaster XL,-50%,"R$ 1,74",93.15%,Jan 2016,20 May 2024,13 May 2024
Orcs Must Die!,-75%,"R$ 5,17",93.14%,Oct 2011,27 May 2024,15 May 2024
Retrowave,-50%,"R$ 5,24",93.10%,May 2022,29 May 2024,15 May 2024
ROUNDS,-50%,"R$ 8,99",93.04%,Apr 2021,29 May 2024,15 May 2024
AudioSurf,-75%,"R$ 8,24",93.01%,Feb 2008,20 May 2024,13 May 2024
Fluffy Store,-70%,"R$ 2,09",92.84%,Aug 2019,24 May 2024,10 May 2024
Star of Providence,-50%,"R$ 23,49",92.72%,Jun 2017,20 May 2024,13 May 2024
Rise of the Tomb Raider‚Ñ¢,-80%,"R$ 24,99",92.70%,Feb 2016,20 May 2024,10 May 2024
LYNE,-60%,"R$ 4,19",92.69%,Mar 2014,20 May 2024,13 May 2024
Stronghold HD (2012),-70%,"R$ 3,59",92.59%,Oct 2001,20 May 2024,13 May 2024
Pikuniku,-80%,"R$ 8,39",92.58%,Jan 2019,23 May 2024,16 May 2024
Stick Fight: The Game,-60%,"R$ 6,00",92.38%,Sep 2017,29 May 2024,15 May 2024
DR LIVESEY ROM AND DEATH EDITION,-50%,"R$ 1,74",92.37%,Feb 2023,29 May 2024,15 May 2024
Hotline Miami 2: Wrong Number,-85%,"R$ 7,04",92.32%,Mar 2015,23 May 2024,16 May 2024
CARRION,-70%,"R$ 17,99",92.30%,Jul 2020,23 May 2024,16 May 2024
Mount Your Friends,-65%,"R$ 5,94",92.27%,Jul 2014,20 May 2024,13 May 2024
Tales of Maj'Eyal,-50%,"R$ 6,99",92.20%,Dec 2012,20 May 2024,13 May 2024
A Plague Tale: Innocence,-80%,"R$ 27,98",91.88%,May 2019,19 May 2024,9 May 2024
Long Live The Queen,-65%,"R$ 9,09",91.88%,Nov 2013,20 May 2024,13 May 2024
Descenders,-70%,"R$ 14,24",91.87%,May 2019,20 May 2024,13 May 2024
Max Payne 2: The Fall of Max Payne,-65%,"R$ 5,24",91.79%,Oct 2003,27 May 2024,13 May 2024
Sleeping Dogs: Definitive Edition,-85%,"R$ 8,39",91.67%,Oct 2014,21 May 2024,8 May 2024
Chronicon,-60%,"R$ 17,79",91.66%,Aug 2020,20 May 2024,13 May 2024
Skul: The Hero Slayer,-50%,"R$ 29,99",91.63%,Jan 2021,30 May 2024,16 May 2024
The Red Strings Club,-75%,"R$ 11,74",91.56%,Jan 2018,23 May 2024,9 May 2024
Heat Signature,-60%,"R$ 11,19",91.56%,Sep 2017,20 May 2024,13 May 2024
Wingspan,-50%,"R$ 29,99",91.47%,Sep 2020,27 May 2024,13 May 2024
IRM√ÉO Grande & Brasileiro 2,-65%,"R$ 6,99",91.39%,Oct 2021,20 May 2024,13 May 2024
Loop Hero,-67%,"R$ 15,50",91.32%,Mar 2021,23 May 2024,13 May 2024
Gato Roboto,-75%,"R$ 6,62",91.17%,May 2019,23 May 2024,16 May 2024
GORN,-50%,"R$ 29,99",91.16%,Jul 2019,23 May 2024,16 May 2024
The Jackbox Party Pack 4,-50%,"R$ 36,99",91.12%,Oct 2017,19 May 2024,10 May 2024
Orcs Must Die! 2,-75%,"R$ 7,24",91.06%,Jul 2012,27 May 2024,15 May 2024
The Jackbox Party Pack 2,-50%,"R$ 36,99",91.04%,Oct 2015,19 May 2024,10 May 2024
HUNTDOWN,-80%,"R$ 11,99",90.95%,May 2021,28 May 2024,14 May 2024
Sins of a Solar Empire¬Æ: Rebellion,-70%,"R$ 32,39",90.86%,Jun 2012,20 May 2024,13 May 2024
SEUM: Speedrunners from Hell,-60%,"R$ 17,99",90.84%,Jul 2016,20 May 2024,14 May 2024
Lords of the Realm II,-80%,"R$ 2,09",90.82%,Oct 1996,20 May 2024,7 May 2024
Kiwi Clicker - Juiced Up,-50%,"R$ 8,49",90.77%,Jul 2022,27 May 2024,13 May 2024
Super Amazing Wagon Adventure,-66%,"R$ 3,56",90.72%,Oct 2013,20 May 2024,13 May 2024
Legend of Grimrock,-80%,"R$ 9,39",90.68%,Apr 2012,20 May 2024,13 May 2024
Brigador: Up-Armored Edition,-64%,"R$ 16,55",90.62%,Jun 2016,20 May 2024,13 May 2024
Rogue Legacy,-80%,"R$ 9,39",90.54%,Jun 2013,20 May 2024,13 May 2024
APE OUT,-75%,"R$ 11,74",90.54%,Feb 2019,23 May 2024,16 May 2024
Race The Sun,-75%,"R$ 8,24",90.50%,Dec 2013,20 May 2024,13 May 2024
One Way Heroics,-69%,"R$ 1,85",90.48%,Feb 2014,20 May 2024,13 May 2024
Darkest Dungeon¬Æ,-85%,"R$ 11,09",90.42%,Jan 2016,20 May 2024,13 May 2024
Hero of the Kingdom,-85%,"R$ 3,97",90.11%,Dec 2012,20 May 2024,13 May 2024
Spelunky,-75%,"R$ 6,99",89.86%,Aug 2013,20 May 2024,13 May 2024
Siralim Ultimate,-50%,"R$ 29,99",89.85%,Dec 2021,20 May 2024,13 May 2024
A Story About My Uncle,-80%,"R$ 9,39",89.82%,May 2014,28 May 2024,14 May 2024
Black Book,-60%,"R$ 31,99",89.82%,Aug 2021,20 May 2024,6 May 2024
Serious Sam Fusion 2017 (beta),-90%,"R$ 5,99",89.74%,‚Äî,23 May 2024,16 May 2024
Thief‚Ñ¢ II: The Metal Age,-86%,"R$ 4,05",89.74%,Mar 2000,20 May 2024,10 May 2024
Melody's Escape,-75%,"R$ 8,24",89.73%,May 2016,20 May 2024,13 May 2024
Child of Light,-70%,"R$ 13,49",89.63%,Apr 2014,31 May 2024,17 May 2024
Men of War: Assault Squad 2,-80%,"R$ 17,79",89.59%,May 2014,22 May 2024,15 May 2024
Genital Jousting,-89%,"R$ 2,58",89.49%,Jan 2018,22 May 2024,8 May 2024
Escape Dungeon 2,-50%,"R$ 27,49",89.40%,Jan 2022,20 May 2024,13 May 2024
Road 96 üõ£Ô∏è,-75%,"R$ 24,00",89.36%,Aug 2021,20 May 2024,6 May 2024
Lovers in a Dangerous Spacetime,-50%,"R$ 13,99",89.35%,Sep 2015,20 May 2024,13 May 2024
Just Cause 2,-90%,"R$ 6,49",89.27%,Mar 2010,21 May 2024,8 May 2024
TY the Tasmanian Tiger 2,-50%,"R$ 14,49",89.18%,Dec 2017,20 May 2024,13 May 2024
Touhou Genso Wanderer -Reloaded-,-50%,"R$ 69,99",89.06%,Oct 2018,20 May 2024,13 May 2024
Siralim 3,-50%,"R$ 23,49",89.05%,Oct 2018,20 May 2024,13 May 2024
FlatOut,-80%,"R$ 13,99",89.04%,Jul 2005,,9 May 2024
Dropsy,-90%,"R$ 3,29",88.98%,Sep 2015,23 May 2024,16 May 2024
Lara Croft GO,-80%,"R$ 8,29",88.96%,Dec 2016,20 May 2024,10 May 2024
Heroes of Might & Magic V: Tribes of the East,-75%,"R$ 7,49",88.96%,Oct 2007,31 May 2024,17 May 2024
Rampage Knights,-60%,"R$ 16,79",88.94%,Sep 2015,20 May 2024,13 May 2024
Furry Shades of Gay 2: A Shade Gayer,-50%,"R$ 16,49",88.90%,Dec 2021,30 May 2024,16 May 2024
Pumpkin Jack,-75%,"R$ 22,24",88.87%,Oct 2020,22 May 2024,15 May 2024
Batman: The Enemy Within - The Telltale Series,-50%,"R$ 25,00",88.81%,Aug 2017,20 May 2024,13 May 2024
NORCO,-60%,"R$ 18,79",88.75%,Mar 2022,23 May 2024,9 May 2024
Golf Peaks,-59%,"R$ 15,47",88.67%,Nov 2018,,13 May 2024
Dark Messiah of Might & Magic,-75%,"R$ 7,49",88.66%,Oct 2006,31 May 2024,17 May 2024
Thumper,-55%,"R$ 16,64",88.64%,Oct 2016,20 May 2024,13 May 2024
Thief‚Ñ¢ Gold,-86%,"R$ 4,05",88.62%,Nov 1998,20 May 2024,10 May 2024
Bridge Constructor Portal,-90%,"R$ 3,29",88.55%,Dec 2017,22 May 2024,15 May 2024
Mutant Year Zero: Road to Eden,-60%,"R$ 36,79",88.55%,Dec 2018,20 May 2024,13 May 2024
Rogue Glitch Ultra,-50%,"R$ 19,24",88.49%,Mar 2021,20 May 2024,13 May 2024
Super Panda Adventures,-50%,"R$ 5,44",88.39%,Jul 2014,20 May 2024,13 May 2024
The Witcher 2: Assassins of Kings Enhanced Edition,-85%,"R$ 8,99",88.29%,May 2011,26 May 2024,16 May 2024
Nyan Cat: Lost In Space,-50%,"R$ 5,44",88.28%,Dec 2015,31 May 2024,17 May 2024
Lara Croft and the Guardian of Light,-85%,"R$ 6,22",88.26%,Sep 2010,20 May 2024,10 May 2024
Disc Room,-67%,"R$ 15,50",88.17%,Oct 2020,23 May 2024,16 May 2024
ULTIMATE HARDBASS DEFENCE,-80%,"R$ 2,75",88.01%,Apr 2019,21 May 2024,15 May 2024
No Time to Relax,-50%,"R$ 13,94",88.00%,Feb 2019,20 May 2024,15 May 2024
Renowned Explorers: International Society,-60%,"R$ 14,79",87.98%,Sep 2015,20 May 2024,13 May 2024
Transport Fever 2,-55%,"R$ 48,59",87.96%,Dec 2019,20 May 2024,13 May 2024
Rift Wizard,-50%,"R$ 14,49",87.91%,Sep 2021,20 May 2024,13 May 2024
Nobody Saves the World,-60%,"R$ 29,59",87.88%,Jan 2022,20 May 2024,13 May 2024
Dealer's Life,-50%,"R$ 14,99",87.87%,Jan 2019,26 May 2024,12 May 2024
The House of Da Vinci 2,-50%,"R$ 29,99",87.78%,May 2020,20 May 2024,13 May 2024
Sky Rogue,-75%,"R$ 9,24",87.75%,Aug 2017,20 May 2024,13 May 2024
Sanctum 2,-80%,"R$ 9,39",87.74%,May 2013,28 May 2024,14 May 2024
LUFTRAUSERS,-80%,"R$ 6,59",87.71%,Mar 2014,23 May 2024,16 May 2024
Ukrainian ball in search of gas,-50%,"R$ 1,74",87.71%,Dec 2017,20 May 2024,13 May 2024
Monstrum,-70%,"R$ 10,19",87.64%,May 2015,20 May 2024,13 May 2024
SPACEPLAN,-67%,"R$ 3,46",87.63%,May 2017,23 May 2024,16 May 2024
Assassin‚Äôs Creed¬Æ IV Black Flag‚Ñ¢,-70%,"R$ 35,99",87.57%,‚Äî,26 May 2024,15 May 2024
CHANGE: A Homeless Survival Experience,-60%,"R$ 14,79",87.57%,May 2020,20 May 2024,13 May 2024
SLUDGE LIFE,-80%,"R$ 9,39",87.52%,Jun 2021,23 May 2024,16 May 2024
Heave Ho,-60%,"R$ 13,19",87.50%,Aug 2019,23 May 2024,16 May 2024
Intravenous,-70%,"R$ 17,99",87.49%,Jul 2021,20 May 2024,6 May 2024
Legend of Grimrock 2,-80%,"R$ 14,20",87.47%,Oct 2014,20 May 2024,13 May 2024
Aces & Adventures,-57%,"R$ 49,18",87.43%,Feb 2023,,13 May 2024
RUINER,-80%,"R$ 11,99",87.41%,Sep 2017,23 May 2024,16 May 2024
Space Pirates and Zombies,-50%,"R$ 9,99",87.37%,Aug 2011,20 May 2024,13 May 2024
Human-powered spacecraft,-50%,"R$ 1,74",87.35%,May 2018,20 May 2024,13 May 2024
The Vagrant,-80%,"R$ 2,75",87.33%,Jul 2018,24 May 2024,10 May 2024
Flamebreak,-75%,"R$ 5,17",87.31%,Mar 2016,20 May 2024,13 May 2024
Red Comrades Save the Galaxy: Reloaded,-75%,"R$ 3,44",87.18%,Feb 2016,20 May 2024,13 May 2024
LUNA The Shadow Dust,-66%,"R$ 40,48",87.16%,Feb 2020,23 May 2024,9 May 2024
The Jackbox Party Pack,-55%,"R$ 33,29",87.15%,Nov 2014,19 May 2024,10 May 2024
SanctuaryRPG: Black Edition,-85%,"R$ 2,48",87.11%,Feb 2015,20 May 2024,13 May 2024
Faerie Solitaire,-90%,"R$ 2,89",87.04%,Sep 2010,20 May 2024,13 May 2024
Kandidatos,-50%,"R$ 1,74",86.99%,Sep 2020,22 May 2024,8 May 2024
NEO Scavenger,-75%,"R$ 11,74",86.88%,Dec 2014,20 May 2024,13 May 2024
Diamo XL,-50%,"R$ 1,74",86.79%,Oct 2017,20 May 2024,13 May 2024
Stellaris,-70%,"R$ 43,19",86.77%,May 2016,20 May 2024,7 May 2024
Super Blood Hockey,-80%,"R$ 9,39",86.74%,Aug 2017,20 May 2024,13 May 2024
Witch It,-80%,"R$ 11,99",86.66%,Oct 2020,21 May 2024,10 May 2024
Neon Chrome,-60%,"R$ 18,79",86.46%,Apr 2016,20 May 2024,13 May 2024
Sex and the Furry Titty 2: Sins of the City,-50%,"R$ 16,49",86.45%,Sep 2022,30 May 2024,16 May 2024
Battle Brothers,-50%,"R$ 34,99",86.43%,Mar 2017,20 May 2024,13 May 2024
Men of War‚Ñ¢,-85%,"R$ 2,54",86.42%,May 2009,22 May 2024,15 May 2024
Grand Theft Auto V,-65%,"R$ 38,63",86.32%,Apr 2015,,13 May 2024
Wanba Warriors,-70%,"R$ 5,09",86.17%,Mar 2020,19 May 2024,5 May 2024
Scythe: Digital Edition,-60%,"R$ 23,99",86.17%,Sep 2018,20 May 2024,14 May 2024
Icewind Dale: Enhanced Edition,-80%,"R$ 11,99",86.16%,Oct 2014,20 May 2024,13 May 2024
Mini Ninjas,-85%,"R$ 5,23",86.14%,Sep 2009,21 May 2024,8 May 2024
Supreme Commander 2,-75%,"R$ 13,72",86.10%,Mar 2010,21 May 2024,8 May 2024
Jurassic World Evolution 2,-70%,"R$ 32,99",86.07%,Nov 2021,27 May 2024,16 May 2024
Octogeddon,-50%,"R$ 9,44",86.05%,Feb 2018,20 May 2024,13 May 2024
Knightfall: A Daring Journey,-50%,"R$ 8,99",86.02%,Apr 2022,29 May 2024,15 May 2024
The Longest Journey,-60%,"R$ 13,19",86.00%,Nov 2000,20 May 2024,13 May 2024
Sex and the Furry Titty,-60%,"R$ 9,40",85.90%,Jun 2021,30 May 2024,16 May 2024
Quiplash,-55%,"R$ 14,84",85.87%,Jun 2015,19 May 2024,10 May 2024
Sanctum,-80%,"R$ 6,59",85.83%,Apr 2011,28 May 2024,14 May 2024
Conan the mighty pig,-50%,"R$ 1,74",85.77%,Jun 2016,18 May 2024,4 May 2024
Minit,-80%,"R$ 6,59",85.75%,Apr 2018,23 May 2024,16 May 2024
Golden Light,-50%,"R$ 29,99",85.75%,Mar 2022,20 May 2024,13 May 2024
Olija,-70%,"R$ 14,09",85.74%,Jan 2021,23 May 2024,16 May 2024
Stronghold 2: Steam Edition,-70%,"R$ 8,39",85.71%,‚Äî,20 May 2024,13 May 2024
Oknytt,-83%,"R$ 1,78",85.66%,Jul 2013,20 May 2024,13 May 2024
Star Valor,-60%,"R$ 29,59",85.65%,Aug 2022,20 May 2024,13 May 2024
UBERMOSH,-90%,"R$ 1,74",85.47%,Aug 2015,29 May 2024,15 May 2024
Supreme Commander,-80%,"R$ 6,79",85.42%,Feb 2007,21 May 2024,8 May 2024
Tallowmere,-75%,"R$ 3,44",85.41%,Mar 2015,20 May 2024,13 May 2024
Hydroneer,-50%,"R$ 23,49",85.34%,May 2020,20 May 2024,13 May 2024
The Inner World,-90%,"R$ 4,69",85.31%,Sep 2013,22 May 2024,15 May 2024
FlatOut: Ultimate Carnage Collector's Edition,-80%,"R$ 13,99",85.29%,Aug 2008,23 May 2024,9 May 2024
Heroes of Hammerwatch,-60%,"R$ 15,39",85.25%,Mar 2018,20 May 2024,13 May 2024
Marc Eck≈ç's Getting Up: Contents Under Pressure,-90%,"R$ 4,69",85.20%,Feb 2006,23 May 2024,16 May 2024
Prison Run and Gun,-80%,"R$ 2,75",85.20%,Mar 2016,20 May 2024,13 May 2024
Men of War: Assault Squad,-90%,"R$ 3,29",85.16%,Feb 2011,22 May 2024,15 May 2024
Reigns,-67%,"R$ 3,46",85.08%,Aug 2016,23 May 2024,16 May 2024
"Football, Tactics & Glory",-80%,"R$ 14,79",84.98%,Jun 2018,20 May 2024,13 May 2024
Catlateral Damage,-75%,"R$ 8,24",84.95%,May 2015,20 May 2024,13 May 2024
Puzzle Agent,-50%,"R$ 9,99",84.87%,‚Äî,20 May 2024,13 May 2024
Max Payne 3,-70%,"R$ 29,85",84.83%,Jun 2012,27 May 2024,13 May 2024
Tomb Raider: Legend,-86%,"R$ 4,05",84.75%,Apr 2006,20 May 2024,10 May 2024
Choice of Life: Middle Ages,-80%,"R$ 3,39",84.72%,Nov 2020,20 May 2024,6 May 2024
Juicy Realm,-50%,"R$ 10,34",84.64%,May 2018,20 May 2024,13 May 2024
MY HERO ONE'S JUSTICE 2,-85%,"R$ 23,23",84.63%,Sep 2023,20 May 2024,13 May 2024
Heroes of Might & Magic V,-75%,"R$ 7,49",84.59%,May 2006,31 May 2024,17 May 2024
Conquest of Elysium 5,-50%,"R$ 44,49",84.51%,Aug 2021,20 May 2024,13 May 2024
Devolver Bootleg,-70%,"R$ 5,09",84.50%,Jun 2019,23 May 2024,16 May 2024
ToeJam & Earl: Back in the Groove!,-90%,"R$ 2,89",84.49%,Mar 2019,20 May 2024,13 May 2024
Grim Nights,-50%,"R$ 5,24",84.48%,Oct 2018,20 May 2024,13 May 2024
Stories Untold,-80%,"R$ 6,59",84.39%,Feb 2017,23 May 2024,16 May 2024
Battlezone: Combat Commander,-81%,"R$ 7,21",84.38%,Mar 2018,20 May 2024,7 May 2024
PANELKI,-80%,"R$ 3,39",84.38%,Mar 2022,27 May 2024,13 May 2024
Game Corp DX,-75%,"R$ 2,62",84.37%,Oct 2015,20 May 2024,13 May 2024
Pawnbarian,-50%,"R$ 10,34",84.35%,Sep 2021,20 May 2024,13 May 2024
Pan'orama,-50%,"R$ 22,24",84.34%,May 2023,19 May 2024,5 May 2024
AI War 2,-75%,"R$ 14,99",84.33%,Oct 2019,20 May 2024,13 May 2024
The Solitaire Conspiracy,-80%,"R$ 4,97",84.29%,Oct 2020,20 May 2024,13 May 2024
The Enchanted Cave 2,-75%,"R$ 5,17",84.28%,Jun 2015,20 May 2024,13 May 2024
Mother Russia Bleeds,-80%,"R$ 9,39",84.21%,Sep 2016,23 May 2024,16 May 2024
We Need To Go Deeper,-50%,"R$ 15,49",84.20%,Aug 2019,20 May 2024,13 May 2024
Fresh Start Cleaning Simulator,-50%,"R$ 10,34",84.13%,Dec 2022,19 May 2024,5 May 2024
Adventure Time: Pirates of the Enchiridion,-60%,"R$ 18,99",84.10%,Jul 2018,20 May 2024,13 May 2024
Aliens versus Predator Classic 2000,-80%,"R$ 3,39",84.08%,Mar 2000,20 May 2024,7 May 2024
L.A. Noire,-70%,"R$ 29,85",84.05%,Nov 2011,27 May 2024,13 May 2024
Virtual Rides 3 - Funfair Simulator,-60%,"R$ 29,59",84.03%,Mar 2017,20 May 2024,13 May 2024
YORG.io,-80%,"R$ 2,75",83.98%,May 2019,27 May 2024,13 May 2024
Tales of Monkey Island: Complete Season,-50%,"R$ 25,00",83.97%,Jul 2009,20 May 2024,13 May 2024
SpellForce - Platinum Edition,-80%,"R$ 3,39",83.86%,Nov 2009,,18 May 2024
Colt Canyon,-80%,"R$ 9,39",83.85%,Jun 2020,22 May 2024,15 May 2024
Dungeon of the ENDLESS‚Ñ¢,-80%,"R$ 4,79",83.75%,Oct 2014,20 May 2024,13 May 2024
My Friend Stalin,-50%,"R$ 1,74",83.71%,Jun 2021,28 May 2024,14 May 2024
Ride 2,-90%,"R$ 12,45",83.70%,Oct 2016,20 May 2024,13 May 2024
Batman - The Telltale Series,-50%,"R$ 25,00",83.66%,Aug 2016,20 May 2024,13 May 2024
Murdered: Soul Suspect,-90%,"R$ 5,59",83.62%,Jun 2014,21 May 2024,8 May 2024
SpellForce 3 Fallen God,-80%,"R$ 7,59",83.62%,Nov 2020,,18 May 2024
Â¶ÑÊÉ≥ÁóáÔºöDeliver Me,-70%,"R$ 2,09",83.57%,Aug 2018,24 May 2024,10 May 2024
üëë Idle Calibur üëëÔºàÈÄâÁéã‰πãÂâëÔºâ,-50%,"R$ 13,24",83.57%,Jan 2022,31 May 2024,17 May 2024
Hyper Knights,-75%,"R$ 4,24",83.56%,May 2017,20 May 2024,13 May 2024
The Bible,-75%,"R$ 7,24",83.51%,Nov 2022,20 May 2024,13 May 2024
Sable,-65%,"R$ 25,89",83.50%,Sep 2021,23 May 2024,9 May 2024
Caveblazers,-90%,"R$ 3,29",83.47%,May 2017,20 May 2024,13 May 2024
Nevergrind Online,-50%,"R$ 19,24",83.47%,Jun 2022,20 May 2024,13 May 2024
Remnant: From the Ashes,-70%,"R$ 22,64",83.45%,Aug 2019,27 May 2024,13 May 2024
Conquest of Elysium 4,-75%,"R$ 18,49",83.44%,Nov 2015,20 May 2024,13 May 2024
Faces of War,-85%,"R$ 2,54",83.42%,Sep 2006,22 May 2024,15 May 2024
Jianghu Survivor,-50%,"R$ 11,75",83.40%,Jun 2023,20 May 2024,13 May 2024
Russian Village Simulator,-50%,"R$ 23,49",83.34%,Sep 2023,20 May 2024,13 May 2024
BDSM: Big Drunk Satanic Massacre,-88%,"R$ 4,55",83.31%,Oct 2019,20 May 2024,13 May 2024
WazHack,-69%,"R$ 5,26",83.31%,Feb 2014,20 May 2024,13 May 2024
Paper Dolls: Original / Á∫∏‰∫∫,-50%,"R$ 16,49",83.30%,Apr 2019,19 May 2024,5 May 2024
The Dungeon Beneath,-50%,"R$ 23,49",83.24%,Oct 2020,20 May 2024,13 May 2024
Orcs Must Die! 3,-70%,"R$ 26,69",83.21%,Jul 2021,27 May 2024,15 May 2024
Steredenn: Binary Stars,-60%,"R$ 16,79",83.18%,Oct 2015,20 May 2024,13 May 2024
Stronghold Legends: Steam Edition,-70%,"R$ 8,39",83.12%,Oct 2009,20 May 2024,13 May 2024
Cosmic DJ,-67%,"R$ 3,46",83.11%,Oct 2014,23 May 2024,16 May 2024
Bully: Scholarship Edition,-65%,"R$ 13,99",83.11%,Oct 2008,27 May 2024,13 May 2024
NOT A HERO,-80%,"R$ 11,99",83.10%,Jul 2016,23 May 2024,16 May 2024
–ï–°–¢–¨ –î–í–ê –°–¢–£–õ–ê,-50%,"R$ 1,74",83.10%,Jun 2018,22 May 2024,8 May 2024
Beyond Gravity,-50%,"R$ 2,14",83.06%,Sep 2014,20 May 2024,13 May 2024
Super Sanctum TD,-80%,"R$ 3,39",83.04%,May 2013,28 May 2024,14 May 2024
A Robot Named Fight!,-75%,"R$ 6,72",83.02%,Sep 2017,20 May 2024,13 May 2024
–í–ó–õ–û–ú –ñ–û–ü–´,-50%,"R$ 1,74",83.01%,Feb 2020,22 May 2024,8 May 2024
The Little Acre,-80%,"R$ 5,19",82.97%,Dec 2016,20 May 2024,13 May 2024
Observer: System Redux,-70%,"R$ 17,39",82.93%,Nov 2020,19 May 2024,7 May 2024
Shadow of the Tomb Raider: Definitive Edition,-89%,"R$ 41,24",82.87%,Sep 2018,,10 May 2024
Police Stories,-80%,"R$ 11,99",82.83%,Sep 2019,20 May 2024,6 May 2024
Magicite,-50%,"R$ 10,34",82.82%,Jun 2014,20 May 2024,13 May 2024
Prince of Persia¬Æ: The Sands of Time,-80%,"R$ 5,99",82.80%,Dec 2003,31 May 2024,17 May 2024
Judge Dredd: Dredd vs. Death,-60%,"R$ 6,39",82.78%,Feb 2005,20 May 2024,7 May 2024
Plebby Quest: The Crusades,-80%,"R$ 11,99",82.76%,Apr 2020,30 May 2024,16 May 2024
Diggles: The Myth of Fenris,-60%,"R$ 8,27",82.76%,Dec 2020,29 May 2024,15 May 2024
Furry Shades of Gay,-60%,"R$ 9,40",82.69%,Dec 2020,30 May 2024,16 May 2024
Deadly Days,-90%,"R$ 2,48",82.61%,Sep 2019,27 May 2024,13 May 2024
Over 9000 Zombies!,-72%,"R$ 1,95",82.54%,Feb 2015,20 May 2024,13 May 2024
My Cute Fuhrer,-60%,"R$ 2,79",82.49%,Apr 2020,27 May 2024,13 May 2024
Just Cause‚Ñ¢ 3,-85%,"R$ 6,44",82.45%,Nov 2015,21 May 2024,8 May 2024
Razortron 2000,-50%,"R$ 1,74",82.44%,Oct 2016,,18 May 2024
Sid Meier's Civilization IV: Colonization,-75%,"R$ 7,49",82.42%,Sep 2008,27 May 2024,13 May 2024
Despot's Game: Dystopian Battle Simulator,-60%,"R$ 15,19",82.40%,Sep 2022,27 May 2024,13 May 2024
Neversong,-70%,"R$ 14,69",82.37%,May 2020,20 May 2024,6 May 2024
BARRIER X,-70%,"R$ 1,88",82.36%,May 2016,20 May 2024,6 May 2024
PHOGS!,-55%,"R$ 21,37",82.35%,Dec 2020,21 May 2024,7 May 2024
Kandidatos Kart,-50%,"R$ 1,74",82.34%,Oct 2020,22 May 2024,8 May 2024
Desktop Kanojo,-50%,"R$ 5,24",82.33%,Apr 2020,20 May 2024,13 May 2024
Rebuild 3: Gangs of Deadsville,-60%,"R$ 18,79",82.30%,May 2015,20 May 2024,13 May 2024
Home Behind,-75%,"R$ 5,12",82.25%,Jun 2016,20 May 2024,13 May 2024
Curse of the Dead Gods,-65%,"R$ 26,21",82.21%,Feb 2021,30 May 2024,16 May 2024
Ni no Kuni‚Ñ¢ II: Revenant Kingdom,-85%,"R$ 51,36",82.14%,Mar 2018,20 May 2024,13 May 2024
Red Dead Online,-50%,"R$ 55,99",82.13%,Dec 2020,27 May 2024,13 May 2024
Puzzle Agent 2,-50%,"R$ 9,99",82.09%,Jun 2011,20 May 2024,13 May 2024
Youropa,-75%,"R$ 7,24",82.08%,Jun 2018,22 May 2024,8 May 2024
Exit From,-70%,"R$ 5,09",82.07%,Apr 2021,29 May 2024,15 May 2024
SCP Strategy,-85%,"R$ 3,52",82.01%,May 2022,20 May 2024,13 May 2024
Hobo: Tough Life,-60%,"R$ 35,59",81.91%,Apr 2021,20 May 2024,13 May 2024
Riders Republic,-75%,"R$ 42,49",81.87%,Jun 2023,19 May 2024,12 May 2024
Sacred Gold,-75%,"R$ 4,99",81.86%,Aug 2006,20 May 2024,13 May 2024
ENDLESS‚Ñ¢ Space 2,-75%,"R$ 19,99",81.84%,May 2017,23 May 2024,16 May 2024
The Eternal Cylinder,-65%,"R$ 25,89",81.76%,Oct 2022,23 May 2024,16 May 2024
Blazing Beaks,-75%,"R$ 7,24",81.75%,May 2019,20 May 2024,13 May 2024
Hitman GO: Definitive Edition,-80%,"R$ 3,19",81.69%,Feb 2016,20 May 2024,10 May 2024
Mortal Glory,-50%,"R$ 13,24",81.69%,Jan 2020,20 May 2024,13 May 2024
Serious Sam VR: The First Encounter,-90%,"R$ 5,99",81.67%,Mar 2017,23 May 2024,16 May 2024
Tomb Raider IV: The Last Revelation,-86%,"R$ 4,05",81.58%,Nov 2012,20 May 2024,10 May 2024
Star Traders: Frontiers,-50%,"R$ 23,49",81.45%,Aug 2018,20 May 2024,13 May 2024
Faerie Solitaire Remastered,-90%,"R$ 2,89",81.44%,Dec 2017,20 May 2024,13 May 2024
12 is Better Than 6,-90%,"R$ 1,99",81.41%,Nov 2015,20 May 2024,6 May 2024
Tokyo Dark,-75%,"R$ 8,49",81.37%,Sep 2017,21 May 2024,8 May 2024
Runestone Keeper,-80%,"R$ 3,99",81.34%,Mar 2015,20 May 2024,13 May 2024
CASE: Animatronics,-85%,"R$ 4,94",81.29%,Aug 2016,20 May 2024,13 May 2024
Legacy of Kain: Defiance,-86%,"R$ 4,05",81.28%,Dec 2003,20 May 2024,10 May 2024
HALF DEAD 2,-50%,"R$ 4,49",81.28%,Aug 2019,20 May 2024,13 May 2024
Transport Fever,-85%,"R$ 13,34",81.27%,Nov 2016,20 May 2024,13 May 2024
The logic of the miniature garden,-80%,"R$ 6,59",81.26%,Jun 2019,24 May 2024,10 May 2024
Orbital Bullet ‚Äì The 360¬∞ Rogue-lite,-80%,"R$ 6,59",81.25%,Mar 2022,20 May 2024,6 May 2024
SpellForce 3 Soul Harvest,-80%,"R$ 7,59",81.25%,May 2019,,18 May 2024
DOKA 2 KISHKI EDITION,-50%,"R$ 1,74",81.25%,Nov 2018,29 May 2024,15 May 2024
Will Glow the Wisp,-70%,"R$ 2,09",81.21%,Sep 2017,20 May 2024,13 May 2024
War of the Human Tanks,-50%,"R$ 16,49",81.17%,Sep 2012,27 May 2024,16 May 2024
Battlestar Galactica Deadlock,-80%,"R$ 21,59",81.14%,Aug 2017,20 May 2024,13 May 2024
Roguebook,-70%,"R$ 32,99",81.14%,Jun 2021,20 May 2024,13 May 2024
Desktop Dungeons,-50%,"R$ 12,49",81.14%,Apr 2023,27 May 2024,13 May 2024
Phantom Abyss,-50%,"R$ 29,99",81.13%,Jan 2024,23 May 2024,16 May 2024
FORWARD: Escape the Fold - Ultimate Edition,-50%,"R$ 10,34",81.11%,Mar 2022,20 May 2024,13 May 2024
MXGP PRO,-90%,"R$ 12,45",81.08%,Jun 2018,20 May 2024,13 May 2024
Serious Sam VR: The Last Hope,-76%,"R$ 70,37",81.02%,Sep 2017,,16 May 2024
Paper Dolls 2 Á∫∏‰∫∫Ë¥∞,-50%,"R$ 18,99",81.01%,Jul 2020,19 May 2024,5 May 2024
ADOM (Ancient Domains Of Mystery),-50%,"R$ 13,99",81.01%,Nov 2015,20 May 2024,6 May 2024
Hard Truck Apocalypse / Ex Machina,-75%,"R$ 6,62",80.93%,Dec 2005,20 May 2024,13 May 2024
Moonlighter,-85%,"R$ 6,15",80.87%,May 2018,20 May 2024,13 May 2024
Men of War: Red Tide,-85%,"R$ 2,54",80.82%,Nov 2009,22 May 2024,15 May 2024
Slasher's Keep,-65%,"R$ 9,76",80.78%,Nov 2020,20 May 2024,13 May 2024
–°–∏–º—É–ª—è—Ç–æ—Ä –°–∏–¥–µ–Ω–∏—è —É –ü–æ–¥—ä–µ–∑–¥–∞,-50%,"R$ 1,74",80.76%,Apr 2019,22 May 2024,8 May 2024
Euro Truck Simulator,-80%,"R$ 3,21",80.73%,Aug 2008,30 May 2024,16 May 2024
Unexplored,-50%,"R$ 9,99",80.73%,Feb 2017,20 May 2024,13 May 2024
Tricolour Lovestory,-70%,"R$ 2,09",80.70%,Sep 2017,24 May 2024,10 May 2024
Quantum Conundrum,-89%,"R$ 3,17",80.65%,Jun 2012,21 May 2024,8 May 2024
Grand Theft Auto IV: The Complete Edition,-70%,"R$ 23,70",80.61%,Mar 2020,27 May 2024,13 May 2024
Asura: Vengeance Edition,-50%,"R$ 9,99",80.61%,Apr 2017,20 May 2024,13 May 2024
Barro Racing,-90%,"R$ 1,74",80.57%,Sep 2020,25 May 2024,11 May 2024
Nexus - The Jupiter Incident,-80%,"R$ 3,99",80.54%,Nov 2004,20 May 2024,13 May 2024
Expeditions: Viking,-75%,"R$ 13,99",80.52%,Apr 2017,20 May 2024,13 May 2024
Metal Unit,-80%,"R$ 9,39",80.50%,Jan 2021,30 May 2024,16 May 2024
Isonzo,-67%,"R$ 29,36",80.47%,Sep 2022,31 May 2024,17 May 2024
Sword of the Stars: The Pit,-50%,"R$ 8,49",80.45%,Feb 2013,20 May 2024,13 May 2024
I got a cat maid,-60%,"R$ 1,79",80.43%,Aug 2019,24 May 2024,17 May 2024
Dreamfall: The Longest Journey,-60%,"R$ 23,99",80.36%,Apr 2006,20 May 2024,13 May 2024
Life is Strange Remastered,-50%,"R$ 99,50",80.33%,Feb 2022,21 May 2024,8 May 2024
"Flashing Lights - Police, Firefighting, Emergency Services (EMS) Simulator",-66%,"R$ 16,14",80.28%,May 2023,20 May 2024,13 May 2024
Serious Sam 3 VR: BFE,-85%,"R$ 13,34",80.24%,Nov 2017,23 May 2024,16 May 2024
Full Mojo Rampage,-50%,"R$ 9,99",80.21%,May 2014,20 May 2024,13 May 2024
Tomb Raider: Anniversary,-89%,"R$ 4,12",80.12%,Jun 2007,20 May 2024,10 May 2024
Soldiers: Heroes of World War II,-85%,"R$ 2,54",80.09%,Jun 2004,22 May 2024,15 May 2024
Steep‚Ñ¢,-85%,"R$ 13,49",80.08%,Dec 2016,31 May 2024,17 May 2024
They Bleed Pixels,-75%,"R$ 8,24",80.01%,Aug 2012,25 May 2024,11 May 2024
Game Dev Studio,-70%,"R$ 9,89",80.00%,Mar 2018,27 May 2024,13 May 2024
Warstone TD,-80%,"R$ 5,79",79.98%,May 2018,29 May 2024,15 May 2024
CASE 2: Animatronics Survival,-76%,"R$ 7,91",79.84%,Aug 2018,20 May 2024,13 May 2024
Tangledeep,-60%,"R$ 11,19",79.76%,Feb 2018,20 May 2024,13 May 2024
Reigns: Her Majesty,-67%,"R$ 3,46",79.64%,Dec 2017,23 May 2024,16 May 2024
Noob - The Factionless,-60%,"R$ 31,99",79.60%,Jun 2023,22 May 2024,15 May 2024
Blackout Z: Slaughterhouse Edition,-50%,"R$ 1,74",79.50%,Oct 2017,,18 May 2024
Dead Age,-90%,"R$ 4,69",79.45%,Jul 2016,22 May 2024,15 May 2024
CPU Invaders,-90%,"R$ 1,74",79.44%,Feb 2017,30 May 2024,16 May 2024
Death's Gambit: Afterlife,-50%,"R$ 29,99",79.37%,Aug 2018,20 May 2024,6 May 2024
bit Dungeon II,-75%,"R$ 2,09",79.36%,Dec 2014,20 May 2024,13 May 2024
Syder Arcade,-50%,"R$ 9,99",79.24%,Oct 2013,20 May 2024,13 May 2024
Time Warpers,-50%,"R$ 18,99",79.22%,Jan 2020,31 May 2024,17 May 2024
The Talos Principle VR,-70%,"R$ 26,69",79.18%,Oct 2017,30 May 2024,16 May 2024
CRYPTARK,-75%,"R$ 6,99",79.17%,Jun 2017,20 May 2024,13 May 2024
Lust from Beyond,-58%,"R$ 15,95",79.17%,Mar 2021,20 May 2024,13 May 2024
G.O.P.O.T.A,-50%,"R$ 1,74",79.13%,Apr 2023,20 May 2024,13 May 2024
Hentai Furry 2,-50%,"R$ 1,74",79.08%,Nov 2020,29 May 2024,15 May 2024
Fantasy General II,-70%,"R$ 32,39",79.01%,Sep 2019,20 May 2024,13 May 2024
Braveland,-90%,"R$ 3,29",79.00%,Mar 2014,20 May 2024,13 May 2024
AI War: Fleet Command,-75%,"R$ 8,24",79.00%,Oct 2009,20 May 2024,13 May 2024
Blade Kitten,-50%,"R$ 3,14",78.98%,Sep 2010,20 May 2024,13 May 2024
Monsters' Den: Godfall,-66%,"R$ 15,97",78.95%,Jul 2017,20 May 2024,13 May 2024
Happy Quest,-70%,"R$ 2,09",78.91%,Nov 2020,20 May 2024,13 May 2024
TT Isle of Man: Ride on the Edge 2,-75%,"R$ 17,49",78.90%,Mar 2020,20 May 2024,13 May 2024
OlliOlli2: Welcome to Olliwood,-80%,"R$ 9,39",78.88%,Aug 2015,23 May 2024,16 May 2024
Interstellar Space: Genesis,-67%,"R$ 19,13",78.85%,Jul 2019,20 May 2024,13 May 2024
Assassin's Creed¬Æ Syndicate,-75%,"R$ 22,49",78.82%,Nov 2015,19 May 2024,12 May 2024
8-Bit Armies,-50%,"R$ 23,49",78.82%,Apr 2016,23 May 2024,9 May 2024
Tom Clancy's Ghost Recon¬Æ Wildlands,-80%,"R$ 29,99",78.74%,Mar 2017,19 May 2024,12 May 2024
Drawful 2,-50%,"R$ 16,49",78.62%,Jun 2016,19 May 2024,10 May 2024
ENDLESS‚Ñ¢ Space - Definitive Edition,-75%,"R$ 4,99",78.60%,Jul 2012,23 May 2024,16 May 2024
Thief: Deadly Shadows,-89%,"R$ 4,12",78.54%,Jun 2004,20 May 2024,10 May 2024
The Textorcist: The Story of Ray Bibbia,-88%,"R$ 5,63",78.49%,Feb 2019,22 May 2024,15 May 2024
Dungeon Siege,-86%,"R$ 3,06",78.44%,Apr 2002,21 May 2024,8 May 2024
Evoland Legendary Edition,-75%,"R$ 9,24",78.43%,Feb 2019,21 May 2024,13 May 2024
Gloom,-75%,"R$ 8,24",78.40%,Apr 2017,20 May 2024,13 May 2024
Serious Sam Double D XXL,-90%,"R$ 3,29",78.35%,Aug 2011,23 May 2024,16 May 2024
Gay World,-50%,"R$ 1,74",78.23%,Jan 2018,20 May 2024,13 May 2024
Cargo Commander,-73%,"R$ 4,58",78.19%,Nov 2012,20 May 2024,13 May 2024
"Lewd Girls, Leave Me Alone! I Just Want to Play Video Games and Watch Anime! - Hentai Edition",-75%,"R$ 3,44",78.18%,Oct 2023,19 May 2024,12 May 2024
Hentai Waifu,-50%,"R$ 1,74",78.18%,Mar 2019,,18 May 2024
Bus Driver,-80%,"R$ 3,21",78.17%,Mar 2007,30 May 2024,16 May 2024
DungeonTop,-53%,"R$ 14,56",78.16%,Jun 2020,20 May 2024,13 May 2024
Broken Armor,-50%,"R$ 1,74",78.16%,Aug 2016,20 May 2024,13 May 2024
Signal Simulator,-50%,"R$ 18,50",78.15%,Apr 2018,20 May 2024,13 May 2024
Sword Art Online: Fatal Bullet,-85%,"R$ 23,98",78.14%,Feb 2018,20 May 2024,13 May 2024
Judgment: Apocalypse Survival Simulation,-60%,"R$ 23,99",78.05%,May 2018,23 May 2024,9 May 2024
Bloody Trapland 2: Curiosity,-75%,"R$ 8,24",77.98%,Feb 2019,20 May 2024,13 May 2024
Blueprint Tycoon,-75%,"R$ 2,62",77.98%,May 2016,20 May 2024,13 May 2024
Cultist Simulator,-50%,"R$ 18,99",77.87%,May 2018,20 May 2024,13 May 2024
Roguelands,-50%,"R$ 10,34",77.84%,Nov 2015,20 May 2024,13 May 2024
Hero's Hour,-50%,"R$ 17,49",77.74%,Mar 2022,20 May 2024,13 May 2024
Roundguard,-75%,"R$ 14,99",77.73%,Mar 2020,20 May 2024,13 May 2024
Weedcraft Inc,-75%,"R$ 14,99",77.73%,Apr 2019,23 May 2024,16 May 2024
Dying Light 2 Stay Human: Reloaded Edition,-58%,"R$ 135,74",77.56%,Feb 2022,,9 May 2024
Black Reliquary,-79%,"R$ 25,11",77.55%,Mar 2023,,13 May 2024
Ship of Fools,-60%,"R$ 45,99",77.48%,Nov 2022,21 May 2024,14 May 2024
Xpand Rally,-89%,"R$ 1,86",77.47%,Aug 2006,24 May 2024,10 May 2024
Windward,-50%,"R$ 10,34",77.46%,May 2015,20 May 2024,13 May 2024
Jack Move,-50%,"R$ 18,99",77.44%,Sep 2022,20 May 2024,6 May 2024
Scania Truck Driving Simulator,-80%,"R$ 6,39",77.40%,Jun 2012,30 May 2024,16 May 2024
Titan Souls,-90%,"R$ 4,69",77.18%,Apr 2015,23 May 2024,16 May 2024
OmniBus,-80%,"R$ 3,39",77.17%,May 2016,23 May 2024,16 May 2024
EVERSPACE‚Ñ¢,-85%,"R$ 8,99",77.15%,May 2017,20 May 2024,13 May 2024
Banners of Ruin,-70%,"R$ 11,39",77.09%,Jul 2021,23 May 2024,16 May 2024
Weapon Shop Fantasy,-50%,"R$ 10,34",77.03%,Feb 2017,29 May 2024,15 May 2024
Bridge Constructor Medieval,-90%,"R$ 3,29",76.97%,Sep 2014,22 May 2024,15 May 2024
Legend of Keepers: Career of a Dungeon Manager,-80%,"R$ 7,99",76.94%,Apr 2021,20 May 2024,13 May 2024
Oceanhorn: Monster of Uncharted Seas,-50%,"R$ 13,99",76.82%,Mar 2015,20 May 2024,13 May 2024
X4: Foundations,-60%,"R$ 53,99",76.76%,Nov 2018,20 May 2024,13 May 2024
Blair Witch,-80%,"R$ 11,59",76.75%,Aug 2019,21 May 2024,9 May 2024
Alwa's Awakening,-81%,"R$ 6,26",76.62%,Feb 2017,20 May 2024,13 May 2024
Heart&Slash,-81%,"R$ 5,50",76.62%,Aug 2016,27 May 2024,15 May 2024
Alex Kidd in Miracle World DX,-71%,"R$ 42,05",76.60%,Jun 2021,,13 May 2024
Moon Hunters,-90%,"R$ 4,69",76.47%,Mar 2016,20 May 2024,13 May 2024
LEGIONCRAFT,-50%,"R$ 13,94",76.41%,Aug 2022,29 May 2024,15 May 2024
Observation,-75%,"R$ 18,49",76.40%,May 2020,23 May 2024,16 May 2024
HOT WHEELS UNLEASHED‚Ñ¢,-85%,"R$ 29,92",76.38%,Sep 2021,,18 May 2024
Mech Armada,-75%,"R$ 9,49",76.30%,Jun 2022,20 May 2024,13 May 2024
Crossing Souls,-80%,"R$ 9,39",76.14%,Feb 2018,23 May 2024,16 May 2024
Streamer Life Simulator,-70%,"R$ 23,26",76.07%,Aug 2020,20 May 2024,13 May 2024
Elite Dangerous,-70%,"R$ 17,99",76.07%,Apr 2015,27 May 2024,16 May 2024
Weird West: Definitive Edition,-75%,"R$ 24,99",76.04%,Mar 2022,23 May 2024,16 May 2024
Expeditions: Conquistador,-75%,"R$ 8,74",76.04%,May 2013,20 May 2024,13 May 2024
Escape Dungeon,-60%,"R$ 16,79",76.04%,Nov 2020,20 May 2024,13 May 2024
Prince of Persia: The Two Thrones‚Ñ¢,-80%,"R$ 5,99",76.02%,Dec 2005,31 May 2024,17 May 2024
Sproggiwood,-60%,"R$ 18,79",76.02%,Oct 2014,20 May 2024,13 May 2024
Prince of Persia¬Æ,-80%,"R$ 5,99",76.00%,Dec 2008,31 May 2024,17 May 2024
Anarchy: Wolf's law,-78%,"R$ 11,81",75.95%,Jun 2023,,11 May 2024
The Blackout Club,-50%,"R$ 28,99",75.87%,Jul 2019,20 May 2024,13 May 2024
Dungeon Escape,-83%,"R$ 2,34",75.81%,May 2016,20 May 2024,15 May 2024
DreadOut: Keepers of The Dark,-80%,"R$ 2,79",75.78%,Mar 2016,24 May 2024,14 May 2024
Despotism 3k,-60%,"R$ 6,63",75.76%,Nov 2018,20 May 2024,13 May 2024
GreedFall,-80%,"R$ 23,98",75.72%,Sep 2019,19 May 2024,9 May 2024
Livelock,-85%,"R$ 3,10",75.65%,Aug 2016,27 May 2024,13 May 2024
–°–∏–º—É–ª—è—Ç–æ—Ä –ü—Ä—ã–≥–∞–Ω–∏—è –ø–æ –ì–∞—Ä–∞–∂–∞–º,-50%,"R$ 1,74",75.61%,Dec 2022,29 May 2024,15 May 2024
Jalopy,-75%,"R$ 7,24",75.49%,Mar 2018,20 May 2024,13 May 2024
Nyasha,-50%,"R$ 1,74",75.38%,Mar 2019,29 May 2024,15 May 2024
Drake Hollow,-70%,"R$ 29,99",75.34%,Oct 2020,26 May 2024,16 May 2024
Lumencraft,-55%,"R$ 26,99",75.25%,Feb 2023,20 May 2024,13 May 2024
She Sees Red - Interactive Movie,-70%,"R$ 5,03",75.20%,Jul 2019,20 May 2024,13 May 2024
Far Cry¬Æ New Dawn,-85%,"R$ 44,99",75.09%,Feb 2019,31 May 2024,17 May 2024
SKYHILL,-51%,"R$ 22,94",75.07%,Oct 2015,,13 May 2024
–°–ò–ú–£–õ–Ø–¢–û–† –û–î–ò–ù–û–ß–ï–°–¢–í–ê –í –†–£–°–°–ö–û–ô –î–ï–†–ï–í–ù–ï,-70%,"R$ 2,09",74.99%,Apr 2021,28 May 2024,14 May 2024
Not The Robots,-75%,"R$ 8,24",74.96%,Dec 2013,27 May 2024,13 May 2024
Galactic Civilizations III,-66%,"R$ 36,71",74.92%,May 2015,20 May 2024,13 May 2024
miniBONG,-55%,"R$ 14,84",74.91%,Jun 2023,19 May 2024,12 May 2024
Giana Sisters: Twisted Dreams,-80%,"R$ 6,59",74.87%,Oct 2012,20 May 2024,13 May 2024
OlliOlli,-80%,"R$ 8,39",74.83%,Jul 2014,23 May 2024,16 May 2024
Cartel Tycoon,-73%,"R$ 34,44",74.83%,Jul 2022,27 May 2024,13 May 2024
City of Brass,-90%,"R$ 5,99",74.82%,May 2018,20 May 2024,13 May 2024
Moons of Madness,-60%,"R$ 29,59",74.82%,Oct 2019,20 May 2024,13 May 2024
Black The Fall,-70%,"R$ 19,47",74.81%,Jul 2017,21 May 2024,8 May 2024
Age of Gladiators,-80%,"R$ 3,99",74.80%,Feb 2016,20 May 2024,13 May 2024
David.,-70%,"R$ 2,09",74.78%,Mar 2014,20 May 2024,13 May 2024
STORM AREA 51: AYY LMAO EDITION,-50%,"R$ 1,74",74.77%,Sep 2019,29 May 2024,15 May 2024
8Doors: Arum's Afterlife Adventure,-80%,"R$ 11,99",74.76%,Apr 2021,30 May 2024,16 May 2024
Fictorum,-75%,"R$ 5,17",74.75%,Aug 2017,20 May 2024,13 May 2024
Dead In Vinland,-80%,"R$ 11,99",74.74%,Apr 2018,20 May 2024,13 May 2024
Tomb Raider: Underworld,-89%,"R$ 4,12",74.70%,Nov 2008,20 May 2024,10 May 2024
Happy Guy,-60%,"R$ 4,19",74.67%,Sep 2021,20 May 2024,13 May 2024
Acceleration of SUGURI 2,-50%,"R$ 14,99",74.63%,Mar 2018,27 May 2024,16 May 2024
Love Rhythm,-50%,"R$ 5,24",74.62%,Nov 2019,20 May 2024,13 May 2024
Accident,-50%,"R$ 14,49",74.62%,Sep 2021,19 May 2024,13 May 2024
SpellForce 3 Reforced,-80%,"R$ 15,09",74.60%,Dec 2017,,18 May 2024
Mana Spark,-67%,"R$ 8,21",74.57%,Sep 2018,20 May 2024,13 May 2024
Arboria,-90%,"R$ 3,79",74.56%,Sep 2021,20 May 2024,13 May 2024
Reigns: Game of Thrones,-67%,"R$ 4,55",74.55%,Oct 2018,23 May 2024,16 May 2024
DreadOut,-80%,"R$ 5,59",74.47%,May 2014,24 May 2024,14 May 2024
One Dog Story,-90%,"R$ 2,48",74.45%,Apr 2017,20 May 2024,13 May 2024
Space Colony: Steam Edition,-75%,"R$ 6,99",74.45%,Apr 2015,20 May 2024,13 May 2024
Metaverse Keeper / ÂÖÉËÉΩÂ§±Êéß,-75%,"R$ 7,24",74.42%,Apr 2019,20 May 2024,13 May 2024
Nickelodeon Kart Racers 2: Grand Prix,-85%,"R$ 5,69",74.36%,Dec 2020,20 May 2024,13 May 2024
Darkest Dungeon¬Æ II,-51%,"R$ 89,31",74.35%,May 2023,,13 May 2024
The Flame in the Flood,-85%,"R$ 7,49",74.25%,Feb 2016,20 May 2024,13 May 2024
Arthas - The Game,-80%,"R$ 3,39",74.19%,Feb 2023,20 May 2024,13 May 2024
Mind Scanners,-65%,"R$ 11,54",74.17%,May 2021,20 May 2024,13 May 2024
Exit the Gungeon,-60%,"R$ 13,19",74.15%,Mar 2020,23 May 2024,16 May 2024
Lifeless Planet Premier Edition,-60%,"R$ 25,59",74.13%,Jun 2014,20 May 2024,6 May 2024
Mind Spheres,-90%,"R$ 1,74",74.07%,Jul 2016,30 May 2024,16 May 2024
Black Desert,-70%,"R$ 5,23",74.07%,May 2017,21 May 2024,14 May 2024
Blade Assault,-80%,"R$ 6,99",74.00%,Jan 2022,30 May 2024,16 May 2024
Battlestations: Midway,-86%,"R$ 3,06",73.90%,Jan 2007,21 May 2024,8 May 2024
Sparklite,-85%,"R$ 7,12",73.87%,Nov 2019,20 May 2024,13 May 2024
Miasmata,-80%,"R$ 4,99",73.81%,Nov 2012,20 May 2024,13 May 2024
Dead Age 2: The Zombie Survival RPG,-80%,"R$ 10,99",73.77%,Mar 2021,22 May 2024,15 May 2024
Pathway,-60%,"R$ 19,99",73.76%,Apr 2019,20 May 2024,13 May 2024
Sacred 2 Gold,-75%,"R$ 6,99",73.62%,Dec 2012,20 May 2024,13 May 2024
Deadly 30,-86%,"R$ 2,37",73.60%,Jan 2014,22 May 2024,15 May 2024
Bridge Constructor,-90%,"R$ 3,29",73.53%,Oct 2013,22 May 2024,15 May 2024
The Witcher Adventure Game,-85%,"R$ 4,49",73.49%,Nov 2014,26 May 2024,16 May 2024
Tumblestone,-81%,"R$ 8,73",73.49%,Jul 2016,20 May 2024,13 May 2024
KumaKuma Manga Editor,-80%,"R$ 4,09",73.46%,Feb 2019,24 May 2024,10 May 2024
Okhlos: Omega,-80%,"R$ 8,39",73.46%,Aug 2016,23 May 2024,13 May 2024
LIBERATED,-80%,"R$ 11,99",73.41%,Jul 2020,19 May 2024,5 May 2024
2Dark,-90%,"R$ 7,90",73.36%,Mar 2017,20 May 2024,13 May 2024
One More Dungeon,-70%,"R$ 4,49",73.20%,Nov 2015,20 May 2024,13 May 2024
Thief,-85%,"R$ 12,52",73.10%,Feb 2014,20 May 2024,10 May 2024
Trainz Railroad Simulator 2019,-83%,"R$ 45,60",73.07%,Jan 2019,,13 May 2024
The Settlers¬Æ : Rise of an Empire - History Edition,-60%,"R$ 14,39",73.06%,Jan 2019,31 May 2024,17 May 2024
Overture,-80%,"R$ 2,17",73.00%,Jan 2015,20 May 2024,13 May 2024
The Wizards - Enhanced Edition,-66%,"R$ 16,14",72.96%,Mar 2018,20 May 2024,13 May 2024
Poop Clicker,-50%,"R$ 1,74",72.95%,Mar 2022,22 May 2024,15 May 2024
Shanhe,-60%,"R$ 5,79",72.87%,Jul 2023,29 May 2024,15 May 2024
Out There: Œ© Edition,-80%,"R$ 5,59",72.81%,Apr 2015,20 May 2024,13 May 2024
Dungeon Siege II,-86%,"R$ 3,06",72.60%,Aug 2005,21 May 2024,8 May 2024
DreadOut 2,-50%,"R$ 18,99",72.58%,Feb 2020,24 May 2024,14 May 2024
SpellForce 2 - Anniversary Edition,-80%,"R$ 4,99",72.47%,Oct 2009,,18 May 2024
FURRY HITLER,-60%,"R$ 5,79",72.46%,May 2022,19 May 2024,5 May 2024
Dungelot: Shattered Lands,-75%,"R$ 8,24",72.42%,Feb 2016,27 May 2024,13 May 2024
Z,-87%,"R$ 1,81",72.40%,Jul 2014,20 May 2024,7 May 2024
ÊÅ∂È≠îËø∑ÂÆ´ | Evil Maze,-50%,"R$ 3,49",72.39%,Jun 2016,20 May 2024,13 May 2024
Volume,-80%,"R$ 7,39",72.29%,Aug 2015,20 May 2024,13 May 2024
Dysfunctional Systems: Learning to Manage Chaos,-50%,"R$ 5,24",72.25%,Apr 2013,21 May 2024,14 May 2024
Asterix & Obelix XXL: Romastered,-85%,"R$ 7,94",72.13%,Oct 2020,22 May 2024,15 May 2024
Quest of Dungeons,-70%,"R$ 5,09",72.11%,Mar 2014,20 May 2024,13 May 2024
Project: Snowblind,-85%,"R$ 2,98",72.04%,Feb 2005,21 May 2024,8 May 2024
TAPSONIC BOLD,-70%,"R$ 11,39",72.01%,Mar 2019,20 May 2024,13 May 2024
Larva Mortus,-67%,"R$ 3,46",71.94%,Mar 2009,20 May 2024,13 May 2024
Sea Dogs: To Each His Own,-80%,"R$ 5,59",71.90%,Feb 2016,20 May 2024,13 May 2024
The Warlock of Firetop Mountain,-70%,"R$ 11,09",71.81%,Aug 2016,20 May 2024,17 May 2024
Ash of Gods: Redemption,-80%,"R$ 14,79",71.70%,Mar 2018,20 May 2024,13 May 2024
Bionic Dues,-75%,"R$ 8,24",71.70%,Oct 2013,20 May 2024,13 May 2024
Pixel Heroes: Byte & Magic,-90%,"R$ 3,29",71.61%,Feb 2015,22 May 2024,15 May 2024
Tunche,-60%,"R$ 15,19",71.54%,Nov 2021,20 May 2024,6 May 2024
Elmarion: Dragon time,-50%,"R$ 14,49",71.53%,Mar 2020,28 May 2024,14 May 2024
Hell is Others,-50%,"R$ 12,49",71.53%,Oct 2022,20 May 2024,13 May 2024
Office Battle,-50%,"R$ 1,74",71.50%,Dec 2015,27 May 2024,13 May 2024
The Land of Pain,-75%,"R$ 9,62",71.48%,Sep 2017,25 May 2024,11 May 2024
Internet Cafe Simulator,-65%,"R$ 11,54",71.35%,Oct 2019,20 May 2024,13 May 2024
The Search,-70%,"R$ 4,13",71.04%,Apr 2017,,18 May 2024
Block'hood,-67%,"R$ 15,50",71.04%,May 2017,23 May 2024,16 May 2024
Life is Strange: Before the Storm Remastered,-50%,"R$ 99,50",71.02%,Feb 2022,21 May 2024,8 May 2024
Victory At Sea,-85%,"R$ 6,89",70.93%,Aug 2014,29 May 2024,15 May 2024
The Shore,-80%,"R$ 4,97",70.87%,Feb 2021,20 May 2024,13 May 2024
As Far As The Eye,-75%,"R$ 11,87",70.84%,Sep 2020,20 May 2024,13 May 2024
Absolver,-80%,"R$ 17,79",70.77%,Aug 2017,23 May 2024,16 May 2024
Run Build Pew!,-50%,"R$ 5,24",70.55%,Jun 2022,20 May 2024,13 May 2024
God's Trigger,-80%,"R$ 5,79",70.50%,Apr 2019,24 May 2024,10 May 2024
Anachronox,-86%,"R$ 3,06",70.44%,Jun 2001,21 May 2024,8 May 2024
Tomb Raider V: Chronicles,-86%,"R$ 4,05",70.38%,Nov 2012,20 May 2024,10 May 2024
Stronghold Crusader 2,-90%,"R$ 7,54",70.35%,Sep 2014,20 May 2024,13 May 2024
Chasm,-70%,"R$ 11,39",70.34%,Jul 2018,20 May 2024,13 May 2024
Recipe for Disaster,-72%,"R$ 13,15",70.30%,Aug 2022,20 May 2024,13 May 2024
Nickelodeon All-Star Brawl,-90%,"R$ 9,39",70.26%,Oct 2021,20 May 2024,13 May 2024
Crowntakers,-70%,"R$ 9,89",70.21%,Nov 2014,20 May 2024,13 May 2024
Nemesis: Lockdown,-50%,"R$ 36,99",70.18%,May 2022,19 May 2024,5 May 2024
200% Mixed Juice!,-50%,"R$ 11,75",70.16%,Oct 2015,27 May 2024,16 May 2024
Big Bia,-50%,"R$ 14,49",70.15%,Jun 2022,29 May 2024,15 May 2024
Dead In Bermuda,-80%,"R$ 5,59",70.08%,Aug 2015,20 May 2024,13 May 2024
Collapse,-75%,"R$ 14,99",69.99%,Sep 2008,20 May 2024,13 May 2024
StarsOne,-50%,"R$ 16,49",69.99%,Apr 2016,20 May 2024,13 May 2024
Blaite,-50%,"R$ 1,74",69.97%,Jan 2017,29 May 2024,15 May 2024
EARTHLOCK,-85%,"R$ 13,50",69.93%,Mar 2018,20 May 2024,13 May 2024
Truberbrook / Tr√ºberbrook,-95%,"R$ 4,44",69.83%,Mar 2019,21 May 2024,15 May 2024
Conflict Desert Storm‚Ñ¢,-86%,"R$ 3,06",69.46%,Sep 2002,21 May 2024,8 May 2024
Tom Clancy‚Äôs The Division‚Ñ¢,-85%,"R$ 13,49",69.33%,Mar 2016,31 May 2024,17 May 2024
Order of War‚Ñ¢,-85%,"R$ 3,73",69.32%,Sep 2009,21 May 2024,8 May 2024
Rogue's Tale,-50%,"R$ 11,75",69.29%,Mar 2014,20 May 2024,13 May 2024
Black Future '88,-90%,"R$ 5,99",69.18%,Nov 2019,20 May 2024,13 May 2024
TT Isle of Man: Ride on the Edge,-80%,"R$ 9,59",69.13%,Mar 2018,20 May 2024,13 May 2024
Silver Chains,-95%,"R$ 3,69",68.97%,Aug 2019,22 May 2024,15 May 2024
Gods Will Be Watching,-80%,"R$ 6,59",68.93%,Jul 2014,23 May 2024,9 May 2024
Mirror Maker,-60%,"R$ 2,79",68.93%,Jan 2019,24 May 2024,10 May 2024
There Is No Light: Enhanced Edition,-50%,"R$ 29,99",68.91%,Sep 2022,20 May 2024,6 May 2024
INDUSTRIA,-70%,"R$ 17,99",68.84%,Sep 2021,21 May 2024,17 May 2024
TOKYO GHOUL:re [CALL to EXIST],-90%,"R$ 15,99",68.80%,Nov 2019,20 May 2024,13 May 2024
Rogue Lords,-70%,"R$ 14,99",68.79%,Sep 2021,20 May 2024,13 May 2024
Hero Siege,-80%,"R$ 5,29",68.74%,Jan 2014,20 May 2024,13 May 2024
Eternal Edge +,-90%,"R$ 2,89",68.71%,May 2022,30 May 2024,16 May 2024
Trek to Yomi,-60%,"R$ 23,99",68.45%,May 2022,23 May 2024,16 May 2024
The Park¬Æ,-60%,"R$ 16,79",68.43%,Oct 2015,20 May 2024,13 May 2024
Feudal Alloy,-90%,"R$ 3,29",68.42%,Jan 2019,31 May 2024,17 May 2024
Assassin's Creed Valhalla,-80%,"R$ 39,99",68.28%,Dec 2022,26 May 2024,15 May 2024
March of the Living,-50%,"R$ 14,49",68.23%,Apr 2016,20 May 2024,13 May 2024
Warbanners,-70%,"R$ 11,39",68.22%,Oct 2017,20 May 2024,13 May 2024
Children of Zodiarcs,-70%,"R$ 8,39",67.95%,Jul 2017,21 May 2024,8 May 2024
Particula,-90%,"R$ 1,74",67.91%,Feb 2015,30 May 2024,16 May 2024
Distant Worlds 2,-50%,"R$ 67,49",67.87%,Mar 2022,20 May 2024,13 May 2024
MX vs ATV Legends,-50%,"R$ 37,50",67.86%,Jun 2022,20 May 2024,13 May 2024
BELOW,-75%,"R$ 11,87",67.81%,Dec 2018,20 May 2024,13 May 2024
RONIN,-80%,"R$ 8,39",67.79%,Jun 2015,23 May 2024,16 May 2024
Tinkertown,-75%,"R$ 13,12",67.75%,Jun 2023,21 May 2024,15 May 2024
Toilet Simulator 2020,-50%,"R$ 1,74",67.48%,Jan 2019,22 May 2024,8 May 2024
Toby: The Secret Mine,-90%,"R$ 1,99",67.44%,Oct 2015,31 May 2024,17 May 2024
Men of War: Condemned Heroes,-85%,"R$ 3,97",67.38%,Apr 2012,22 May 2024,15 May 2024
Killing Room,-60%,"R$ 18,79",67.29%,Oct 2016,20 May 2024,13 May 2024
Nigate Tale,-61%,"R$ 14,81",67.16%,Apr 2021,20 May 2024,13 May 2024
3089 -- Futuristic Action RPG,-75%,"R$ 5,87",67.15%,Jan 2014,20 May 2024,13 May 2024
Trigon: Space Story,-70%,"R$ 11,39",67.13%,Apr 2022,20 May 2024,13 May 2024
Guns n Zombies,-89%,"R$ 2,91",66.97%,Oct 2014,20 May 2024,13 May 2024
Ninja Stealth,-90%,"R$ 1,74",66.93%,Jun 2016,28 May 2024,14 May 2024
Shades of Sakura,-55%,"R$ 2,02",66.92%,Jul 2021,19 May 2024,5 May 2024
STAY,-90%,"R$ 2,48",66.91%,May 2018,20 May 2024,13 May 2024
Ludus,-65%,"R$ 11,54",66.83%,Feb 2020,20 May 2024,13 May 2024
Rogue Stormers,-80%,"R$ 7,39",66.63%,Sep 2016,20 May 2024,13 May 2024
Sacred Citadel,-75%,"R$ 4,99",66.58%,Apr 2013,20 May 2024,13 May 2024
HUMANKIND‚Ñ¢,-75%,"R$ 39,75",66.56%,Aug 2021,23 May 2024,16 May 2024
Conan Unconquered,-60%,"R$ 23,99",66.55%,May 2019,20 May 2024,13 May 2024
Road 96: Mile 0,-70%,"R$ 19,50",66.54%,Apr 2023,20 May 2024,6 May 2024
Lust for Darkness,-90%,"R$ 2,79",66.51%,Jun 2018,20 May 2024,13 May 2024
Townsmen - A Kingdom Rebuilt,-80%,"R$ 10,99",66.50%,Feb 2019,20 May 2024,13 May 2024
Blood Omen 2: Legacy of Kain,-86%,"R$ 4,05",66.23%,Mar 2002,20 May 2024,10 May 2024
Crypto Mining Simulator,-70%,"R$ 5,09",66.10%,Apr 2021,20 May 2024,13 May 2024
Trucks & Trailers,-80%,"R$ 3,21",66.04%,Jun 2011,30 May 2024,16 May 2024
LARA CROFT AND THE TEMPLE OF OSIRIS‚Ñ¢,-85%,"R$ 12,52",66.00%,Dec 2014,20 May 2024,10 May 2024
Shattered Planet,-90%,"R$ 4,69",65.73%,Jul 2014,20 May 2024,13 May 2024
OUTRIDERS,-50%,"R$ 45,45",65.58%,Apr 2021,21 May 2024,8 May 2024
We Are The Dwarves,-96%,"R$ 14,33",65.50%,Feb 2016,,6 May 2024
Zengeon,-76%,"R$ 9,11",65.24%,Jun 2019,20 May 2024,13 May 2024
ENDLESS‚Ñ¢ Dungeon,-50%,"R$ 79,95",65.20%,Oct 2023,20 May 2024,13 May 2024
Infectonator: Survivors,-90%,"R$ 3,29",65.14%,Aug 2016,20 May 2024,13 May 2024
Just Cause,-86%,"R$ 3,06",65.07%,Sep 2006,21 May 2024,8 May 2024
Anima: Gate of Memories,-84%,"R$ 13,29",64.92%,Jun 2016,,15 May 2024
Pixel Piracy,-80%,"R$ 9,39",64.66%,Apr 2015,20 May 2024,13 May 2024
Omikron: The Nomad Soul,-86%,"R$ 4,88",64.55%,Nov 1999,21 May 2024,8 May 2024
Survivor Squad,-80%,"R$ 2,09",64.16%,Nov 2013,20 May 2024,13 May 2024
Might and Magic: Heroes VII ‚Äì Trial by Fire,-75%,"R$ 22,49",64.13%,Aug 2016,31 May 2024,17 May 2024
Mysteria ~Occult Shadows~,-80%,"R$ 8,39",64.12%,Sep 2020,24 May 2024,10 May 2024
Stronghold: Warlords,-90%,"R$ 7,99",64.03%,Mar 2021,20 May 2024,13 May 2024
Cardaclysm,-90%,"R$ 4,69",63.97%,Feb 2021,22 May 2024,15 May 2024
V-Rally 4,-90%,"R$ 6,99",63.90%,Sep 2018,20 May 2024,13 May 2024
Legacy of Kain: Soul Reaver 2,-86%,"R$ 4,05",63.87%,Nov 2001,20 May 2024,10 May 2024
Men of War: Vietnam,-85%,"R$ 3,97",63.01%,Sep 2011,22 May 2024,15 May 2024
Weird Worlds: Return to Infinite Space,-80%,"R$ 2,17",62.99%,Mar 2013,20 May 2024,13 May 2024
Train Fever,-90%,"R$ 5,99",62.97%,Sep 2014,20 May 2024,13 May 2024
Blightbound,-60%,"R$ 23,99",62.91%,Jul 2021,23 May 2024,16 May 2024
Darksburg,-75%,"R$ 7,24",62.90%,Sep 2020,20 May 2024,13 May 2024
Paradise Lost,-80%,"R$ 9,39",62.86%,Mar 2021,19 May 2024,5 May 2024
Monster Energy Supercross - The Official Videogame 4,-85%,"R$ 22,42",62.72%,Mar 2021,20 May 2024,13 May 2024
Project AURA,-75%,"R$ 7,24",62.26%,Apr 2018,26 May 2024,12 May 2024
The Swindle,-85%,"R$ 4,19",61.79%,Jul 2015,20 May 2024,13 May 2024
The Swords of Ditto: Mormo's Curse,-80%,"R$ 9,39",61.50%,Apr 2018,23 May 2024,16 May 2024
Abyss Odyssey,-80%,"R$ 5,59",61.45%,Jul 2014,20 May 2024,13 May 2024
HERO DEFENSE,-95%,"R$ 4,44",61.42%,May 2016,22 May 2024,15 May 2024
Shoppe Keep,-66%,"R$ 3,70",61.04%,May 2016,20 May 2024,13 May 2024
Just Cause 4 Reloaded,-95%,"R$ 14,93",60.93%,Dec 2018,,8 May 2024
Brewpub Simulator,-54%,"R$ 34,93",60.77%,Jul 2023,20 May 2024,13 May 2024
Dungeon Hearts,-67%,"R$ 3,46",60.75%,Mar 2013,23 May 2024,16 May 2024
Depraved,-90%,"R$ 3,79",60.62%,Sep 2019,20 May 2024,13 May 2024
Monsti,-50%,"R$ 1,74",60.45%,Sep 2016,29 May 2024,15 May 2024
SWORD ART ONLINE Alicization Lycoris,-81%,"R$ 56,98",60.32%,Jul 2020,20 May 2024,13 May 2024
Mirror Party,-70%,"R$ 2,09",60.15%,Dec 2021,24 May 2024,10 May 2024
Overcast - Walden and the Werewolf,-90%,"R$ 1,74",60.10%,Apr 2014,30 May 2024,16 May 2024
